<BackupInst xmlns="http://www.microsoft.com/GroupPolicy/GPOOperations/Manifest"><GPOGuid><![CDATA[{58C7C6BE-4CCB-4873-8A96-80EF0A8CFCD0}]]></GPOGuid><GPODomain><![CDATA[classroom.intranet]]></GPODomain><GPODomainGuid><![CDATA[{31199e37-ea8e-4388-8e6a-519e62eae68c}]]></GPODomainGuid><GPODomainController><![CDATA[SRV0001.classroom.intranet]]></GPODomainController><BackupTime><![CDATA[2015-08-10T07:55:21]]></BackupTime><ID><![CDATA[{B609A806-CCE5-4451-84F7-54D25485652F}]]></ID><Comment><![CDATA[]]></Comment><GPODisplayName><![CDATA[Workstation Local Administrators]]></GPODisplayName></BackupInst>
