<BackupInst xmlns="http://www.microsoft.com/GroupPolicy/GPOOperations/Manifest"><GPOGuid><![CDATA[{279BED19-E9E6-404F-B050-183D52D3013D}]]></GPOGuid><GPODomain><![CDATA[classroom.intranet]]></GPODomain><GPODomainGuid><![CDATA[{31199e37-ea8e-4388-8e6a-519e62eae68c}]]></GPODomainGuid><GPODomainController><![CDATA[SRV0001.classroom.intranet]]></GPODomainController><BackupTime><![CDATA[2015-08-10T07:58:59]]></BackupTime><ID><![CDATA[{6C687436-F64F-451F-8A4E-80F156719D31}]]></ID><Comment><![CDATA[]]></Comment><GPODisplayName><![CDATA[Workstation Local Firewall]]></GPODisplayName></BackupInst>
